,precision,recall,f1-score,support
Not-Fraud,0.9987324827183197,0.9250038095262701,0.9604552920651732,17804051.0
Fraud,0.004828152646540172,0.23660469703057088,0.009463199358991682,27379.0
accuracy,0.9239468175014567,0.9239468175014567,0.9239468175014567,0.9239468175014567
macro avg,0.5017803176824299,0.5808042532784206,0.48495924571208243,17831430.0
weighted avg,0.9972064073192612,0.9239468175014567,0.9589951056131498,17831430.0
