Laundering Type,Correct,False,Correct_percent,False_percent
BIPARTITE,173,11,0.9402173913043478,-172
CYCLE,177,15,0.921875,-176
FAN-IN,136,9,0.9379310344827586,-135
FAN-OUT,243,12,0.9529411764705882,-242
GATHER-SCATTER,769,80,0.9057714958775029,-768
RANDOM,152,9,0.9440993788819876,-151
SCATTER-GATHER,363,34,0.9143576826196473,-362
STACK,439,33,0.9300847457627118,-438
