Laundering Type,Correct,False,Correct_percent,False_percent
BIPARTITE,46,138,0.25,-45
CYCLE,75,117,0.390625,-74
FAN-IN,81,64,0.5586206896551724,-80
FAN-OUT,49,206,0.19215686274509805,-48
GATHER-SCATTER,453,396,0.5335689045936396,-452
RANDOM,59,102,0.36645962732919257,-58
SCATTER-GATHER,226,171,0.5692695214105793,-225
STACK,170,302,0.3601694915254237,-169
