Laundering Type,Correct,False,Correct_percent,False_percent
 BIPARTITE,9,4,0.6923076923076923,-8
 CYCLE,19,6,0.76,-18
 FAN-IN,5,10,0.3333333333333333,-4
 FAN-OUT,29,6,0.8285714285714286,-28
 GATHER-SCATTER,27,31,0.46551724137931033,-26
 RANDOM,13,5,0.7222222222222222,-12
 SCATTER-GATHER,17,18,0.4857142857142857,-16
 STACK,24,10,0.7058823529411765,-23
