Laundering Type,Correct,False,Correct_percent,False_percent
 BIPARTITE,9,113,0.07377049180327869,0.9262295081967213
 CYCLE,27,141,0.16071428571428573,0.8392857142857143
 FAN-IN,106,128,0.452991452991453,0.5470085470085471
 FAN-OUT,22,113,0.16296296296296298,0.837037037037037
 GATHER-SCATTER,104,273,0.27586206896551724,0.7241379310344828
 RANDOM,24,149,0.13872832369942195,0.8612716763005781
 SCATTER-GATHER,104,152,0.40625,0.59375
 STACK,46,248,0.1564625850340136,0.8435374149659864
