Laundering Type,Correct,False,Correct_percent,False_percent
 BIPARTITE,21,28,0.42857142857142855,0.5714285714285714
 CYCLE,14,59,0.1917808219178082,0.8082191780821918
 FAN-IN,38,90,0.296875,0.703125
 FAN-OUT,82,39,0.6776859504132231,0.3223140495867769
 GATHER-SCATTER,53,173,0.2345132743362832,0.7654867256637168
 RANDOM,32,48,0.4,0.6
 SCATTER-GATHER,76,99,0.4342857142857143,0.5657142857142857
 STACK,22,95,0.18803418803418803,0.811965811965812
