Laundering Type,Correct,False,Correct_percent,False_percent
 BIPARTITE,12,1,0.9230769230769231,-11
 CYCLE,18,7,0.72,-17
 FAN-IN,8,7,0.5333333333333333,-7
 FAN-OUT,27,8,0.7714285714285715,-26
 GATHER-SCATTER,39,19,0.6724137931034483,-38
 RANDOM,14,4,0.7777777777777778,-13
 SCATTER-GATHER,28,7,0.8,-27
 STACK,28,6,0.8235294117647058,-27
