Laundering Type,Correct,False,Correct_percent,False_percent
 BIPARTITE,13,4,0.7647058823529411,0.23529411764705888
 CYCLE,19,4,0.8260869565217391,0.17391304347826086
 FAN-IN,46,8,0.8518518518518519,0.14814814814814814
 FAN-OUT,27,10,0.7297297297297297,0.2702702702702703
 GATHER-SCATTER,65,10,0.8666666666666667,0.1333333333333333
 RANDOM,14,12,0.5384615384615384,0.46153846153846156
 SCATTER-GATHER,33,29,0.532258064516129,0.467741935483871
 STACK,26,16,0.6190476190476191,0.38095238095238093
