Laundering Type,Correct,False,Correct_percent,False_percent
 BIPARTITE,73,49,0.5983606557377049,0.4016393442622951
 CYCLE,134,34,0.7976190476190477,0.20238095238095233
 FAN-IN,210,24,0.8974358974358975,0.10256410256410253
 FAN-OUT,113,22,0.837037037037037,0.16296296296296298
 GATHER-SCATTER,323,54,0.8567639257294429,0.14323607427055707
 RANDOM,137,36,0.791907514450867,0.20809248554913296
 SCATTER-GATHER,216,40,0.84375,0.15625
 STACK,217,77,0.7380952380952381,0.26190476190476186
