Laundering Type,Correct,False,Correct_percent,False_percent
 BIPARTITE,6,14,0.3,-5
 CYCLE,15,15,0.5,-14
 FAN-IN,8,12,0.4,-7
 FAN-OUT,35,1,0.9722222222222222,-34
 GATHER-SCATTER,37,21,0.6379310344827587,-36
 RANDOM,14,12,0.5384615384615384,-13
 SCATTER-GATHER,21,17,0.5526315789473685,-20
 STACK,20,20,0.5,-19
