,precision,recall,f1-score,support
Not-Fraud,0.9958985459775844,1.0,0.9979450588655012,139862.0
Fraud,0.0,0.0,0.0,576.0
accuracy,0.9958985459775844,0.9958985459775844,0.9958985459775844,0.9958985459775844
macro avg,0.4979492729887922,0.5,0.4989725294327506,140438.0
weighted avg,0.9918139138802669,0.9958985459775844,0.9938520330896676,140438.0
