,precision,recall,f1-score,support
Not-Fraud,0.9985507558310555,1.0,0.999274852457604,139181.0
Fraud,0.0,0.0,0.0,202.0
accuracy,0.9985507558310555,0.9985507558310555,0.9985507558310555,0.9985507558310555
macro avg,0.49927537791552773,0.5,0.499637426228802,139383.0
weighted avg,0.997103611970772,0.9985507558310555,0.9978266592045069,139383.0
