,precision,recall,f1-score,support
Not-Fraud,0.9983602077070238,1.0,0.9991794310722101,456625.0
Fraud,0.0,0.0,0.0,750.0
accuracy,0.9983602077070238,0.9983602077070238,0.9983602077070238,0.9983602077070238
macro avg,0.4991801038535119,0.5,0.49958971553610504,457375.0
weighted avg,0.9967231043328117,0.9983602077070238,0.9975409843418376,457375.0
