,precision,recall,f1-score,support
Not-Fraud,0.9993391366761638,1.0,0.9996694591169086,456676.0
Fraud,0.0,0.0,0.0,302.0
accuracy,0.9993391366761638,0.9993391366761638,0.9993391366761638,0.9993391366761638
macro avg,0.4996695683380819,0.5,0.4998347295584543,456978.0
weighted avg,0.9986787100926604,0.9993391366761638,0.9990088142354191,456978.0
