,precision,recall,f1-score,support
Not-Fraud,0.0,0.0,0.0,519287.0
Fraud,0.0006831626388936998,0.9971910112359551,0.0013653898668841034,356.0
accuracy,0.000683161324216818,0.000683161324216818,0.000683161324216818,0.000683161324216818
macro avg,0.0003415813194468499,0.49859550561797755,0.0006826949334420517,519643.0
weighted avg,4.6802496992388457e-07,0.000683161324216818,9.354091031934248e-07,519643.0
