Laundering Type,Correct,False,Correct_percent,False_percent
 BIPARTITE,18,28,0.391304347826087,0.6086956521739131
 CYCLE,26,40,0.3939393939393939,0.6060606060606061
 FAN-IN,33,38,0.4647887323943662,0.5352112676056338
 FAN-OUT,54,19,0.7397260273972602,0.26027397260273977
 GATHER-SCATTER,87,77,0.5304878048780488,0.4695121951219512
 RANDOM,28,40,0.4117647058823529,0.5882352941176471
 SCATTER-GATHER,74,47,0.6115702479338843,0.38842975206611574
 STACK,35,69,0.33653846153846156,0.6634615384615384
