,precision,recall,f1-score,support
Not-Fraud,0.9991488457153297,0.19217500370839294,0.3223496838806029,5919006.0
Fraud,0.0014653741914546778,0.8786626596543952,0.0029258688166680703,7986.0
accuracy,0.19309997381471072,0.19309997381471072,0.19309997381471072,0.19309997381471072
macro avg,0.5003071099533922,0.535418831681394,0.1626377763486355,5926992.0
weighted avg,0.997804571890835,0.19309997381471072,0.3219192937962059,5926992.0
