,precision,recall,f1-score,support
Not-Fraud,0.9982849880269691,0.9326730574463575,0.9643643104194778,5943980.0
Fraud,0.010043290043290043,0.29888103651354536,0.01943355495244523,13584.0
accuracy,0.9312279314162635,0.9312279314162635,0.9312279314162635,0.9312279314162635
macro avg,0.5041641390351296,0.6157770469799515,0.4918989326859615,5957564.0
weighted avg,0.9960316718686515,0.9312279314162635,0.9622097486921907,5957564.0
