Laundering Type,Correct,False,Correct_percent,False_percent
 BIPARTITE,24,22,0.5217391304347826,0.4782608695652174
 CYCLE,41,25,0.6212121212121212,0.3787878787878788
 FAN-IN,53,18,0.7464788732394366,0.2535211267605634
 FAN-OUT,22,51,0.3013698630136986,0.6986301369863014
 GATHER-SCATTER,98,66,0.5975609756097561,0.4024390243902439
 RANDOM,36,32,0.5294117647058824,0.47058823529411764
 SCATTER-GATHER,61,60,0.5041322314049587,0.49586776859504134
 STACK,62,42,0.5961538461538461,0.40384615384615385
