,precision,recall,f1-score,support
Not-Fraud,0.9987236241849741,0.9343606004116232,0.9654706124700608,5919006.0
Fraud,0.0023572430014533762,0.1149511645379414,0.004619751197713274,7986.0
accuracy,0.9332565321498663,0.9332565321498663,0.9332565321498663,0.9332565321498663
macro avg,0.5005404335932138,0.5246558824747822,0.48504518183388706,5926992.0
weighted avg,0.9973811250015548,0.9332565321498663,0.9641759667242726,5926992.0
