,precision,recall,f1-score,support
Not-Fraud,0.9969087442983223,0.1975982422551893,0.3298221237374936,5943980.0
Fraud,0.0020801765576530283,0.7318904593639576,0.004148562086348677,13584.0
accuracy,0.19881649613835453,0.19881649613835453,0.19881649613835453,0.19881649613835453
macro avg,0.4994944604279877,0.46474435080957344,0.16698534291192113,5957564.0
weighted avg,0.9946404092432245,0.19881649613835453,0.32907954679472484,5957564.0
