,precision,recall,f1-score,support
Not-Fraud,0.9988263626804832,0.9999635174926896,0.9993946166105974,18584249.0
Fraud,0.31722054380664655,0.014220576949121936,0.027220877981334254,22151.0
accuracy,0.9987899862412933,0.9987899862412933,0.9987899862412933,0.9987899862412933
macro avg,0.6580234532435649,0.5070920472209058,0.5133077472959658,18606400.0
weighted avg,0.9980149079931779,0.9987899862412933,0.9982372395530055,18606400.0
