Laundering Type,Correct,False,Correct_percent,False_percent
BIPARTITE,405,478,0.45866364665911663,-404
CYCLE,501,410,0.5499451152579583,-500
FAN-IN,583,344,0.6289104638619202,-582
FAN-OUT,593,405,0.594188376753507,-592
GATHER-SCATTER,1312,665,0.663631765300961,-1311
RANDOM,406,285,0.5875542691751086,-405
SCATTER-GATHER,1212,800,0.6023856858846919,-1211
STACK,922,904,0.5049288061336255,-921
