,precision,recall,f1-score,support
Not-Fraud,0.9988375813543899,0.9999621722674938,0.9993995604449029,18584249.0
Fraud,0.42705786471067647,0.02365581689314252,0.04482847121225084,22151.0
accuracy,0.9987998753117207,0.9987998753117207,0.9987998753117207,0.9987998753117207
macro avg,0.7129477230325332,0.5118089945803181,0.5221140158285769,18606400.0
weighted avg,0.9981568751187196,0.9987998753117207,0.9982631394178589,18606400.0
