Laundering Type,Correct,False,Correct_percent,False_percent
 BIPARTITE,33,58,0.3626373626373626,-32
 CYCLE,40,71,0.36036036036036034,-39
 FAN-IN,37,85,0.30327868852459017,-36
 FAN-OUT,44,66,0.4,-43
 GATHER-SCATTER,130,117,0.5263157894736842,-129
 RANDOM,48,81,0.37209302325581395,-47
 SCATTER-GATHER,102,99,0.5074626865671642,-101
 STACK,68,121,0.35978835978835977,-67
