Laundering Type,Correct,False,Correct_percent,False_percent
 BIPARTITE,22,69,0.24175824175824176,-21
 CYCLE,17,94,0.15315315315315314,-16
 FAN-IN,28,94,0.22950819672131148,-27
 FAN-OUT,36,74,0.32727272727272727,-35
 GATHER-SCATTER,65,182,0.2631578947368421,-64
 RANDOM,21,108,0.16279069767441862,-20
 SCATTER-GATHER,79,122,0.39303482587064675,-78
 STACK,33,156,0.1746031746031746,-32
