,precision,recall,f1-score,support
Not-Fraud,0.9986349018461801,0.9994830740230575,0.9990588079162089,18588735.0
Fraud,0.3932179843394797,0.19690741209208196,0.2624104509060261,31624.0
accuracy,0.9981200147644844,0.9981200147644844,0.9981200147644844,0.9981200147644844
macro avg,0.6959264430928299,0.5981952430575697,0.6307346294111176,18620359.0
weighted avg,0.997606688340778,0.9981200147644844,0.9978077166970714,18620359.0
