Laundering Type,Correct,False,Correct_percent,False_percent
BIPARTITE,694,189,0.7859569648924122,-693
CYCLE,774,137,0.849615806805708,-773
FAN-IN,767,160,0.8274002157497303,-766
FAN-OUT,894,104,0.8957915831663327,-893
GATHER-SCATTER,1797,180,0.9089529590288316,-1796
RANDOM,583,108,0.8437047756874095,-582
SCATTER-GATHER,1821,191,0.9050695825049702,-1820
STACK,1510,316,0.8269441401971522,-1509
