,precision,recall,f1-score,support
Not-Fraud,0.9987977755488283,0.9996544681496616,0.9992259382265903,18588735.0
Fraud,0.5903698979591837,0.29272071844168984,0.39138339252494503,31624.0
accuracy,0.9984538429146291,0.9984538429146291,0.9984538429146291,0.9984538429146291
macro avg,0.794583836754006,0.6461875932956758,0.6953046653757677,18620359.0
weighted avg,0.9981041195779153,0.9984538429146291,0.9981936051407853,18620359.0
