Laundering Type,Correct,False,Correct_percent,False_percent
 BIPARTITE,45,12,0.7894736842105263,-44
 CYCLE,65,16,0.8024691358024691,-64
 FAN-IN,98,8,0.9245283018867925,-97
 FAN-OUT,57,27,0.6785714285714286,-56
 GATHER-SCATTER,164,21,0.8864864864864865,-163
 RANDOM,72,17,0.8089887640449438,-71
 SCATTER-GATHER,101,24,0.808,-100
 STACK,120,14,0.8955223880597015,-119
