,precision,recall,f1-score,support
Not-Fraud,0.9993376698451949,0.7068949904453743,0.8280544723093252,3876133.0
Fraud,0.006438263680217163,0.802135541512312,0.01277399809483158,9178.0
accuracy,0.707119970576358,0.707119970576358,0.707119970576358,0.707119970576358
macro avg,0.5028879667627061,0.7545152659788432,0.4204142352020784,3885311.0
weighted avg,0.9969922126218782,0.707119970576358,0.8261285919377563,3885311.0
