,precision,recall,f1-score,support
Not-Fraud,0.9981859851445269,0.8758254938918367,0.9330110762017921,2847992.0
Fraud,0.01080802882141019,0.4601643444087174,0.021120005247206274,8397.0
accuracy,0.8746035641504011,0.8746035641504011,0.8746035641504011,0.8746035641504011
macro avg,0.5044970069829686,0.6679949191502771,0.4770655407244992,2856389.0
weighted avg,0.9952833648434247,0.8746035641504011,0.9303303666335905,2856389.0
