,precision,recall,f1-score,support
Not-Fraud,0.9995821075013798,0.8716456713039034,0.9312403620607801,2738700.0
Fraud,0.0013295756721743675,0.31923601637107774,0.0026481222662947225,1466.0
accuracy,0.8713501298826422,0.8713501298826422,0.8713501298826422,0.8713501298826422
macro avg,0.500455841586777,0.5954408438374905,0.4669442421635374,2740166.0
weighted avg,0.9990480383202931,0.8713501298826422,0.9307435614204033,2740166.0
