,precision,recall,f1-score,support
Not-Fraud,0.9998802879739294,0.7225814875426653,0.8389097466410855,3745143.0
Fraud,0.0013552714291481399,0.8131487889273357,0.002706032725723432,1734.0
accuracy,0.7226234007681597,0.7226234007681597,0.7226234007681597,0.7226234007681597
macro avg,0.5006177797015388,0.7678651382350005,0.4208078896834045,3746877.0
weighted avg,0.9994181851670614,0.7226234007681597,0.8385227637644315,3746877.0
