Laundering Type,Correct,False,Correct_percent,False_percent
 BIPARTITE,14,30,0.3181818181818182,-13
 CYCLE,24,51,0.32,-23
 FAN-IN,53,40,0.5698924731182796,-52
 FAN-OUT,39,34,0.5342465753424658,-38
 GATHER-SCATTER,78,94,0.45348837209302323,-77
 RANDOM,29,49,0.3717948717948718,-28
 SCATTER-GATHER,62,45,0.5794392523364486,-61
 STACK,29,82,0.26126126126126126,-28
