Laundering Type,Correct,False,Correct_percent,False_percent
BIPARTITE,530,130,0.803030303030303,-529
CYCLE,578,160,0.7831978319783198,-577
FAN-IN,606,131,0.8222523744911805,-605
FAN-OUT,508,276,0.6479591836734694,-507
GATHER-SCATTER,1351,334,0.801780415430267,-1350
RANDOM,429,121,0.78,-428
SCATTER-GATHER,1309,362,0.7833632555356074,-1308
STACK,1125,280,0.800711743772242,-1124
