Laundering Type,Correct,False,Correct_percent,False_percent
BIPARTITE,225,386,0.36824877250409166,-224
CYCLE,260,424,0.38011695906432746,-259
FAN-IN,424,256,0.6235294117647059,-423
FAN-OUT,402,328,0.5506849315068493,-401
GATHER-SCATTER,908,678,0.5725094577553594,-907
RANDOM,179,323,0.3565737051792829,-178
SCATTER-GATHER,840,679,0.5529953917050692,-839
STACK,540,741,0.4215456674473068,-539
