,precision,recall,f1-score,support
Not-Fraud,0.24663005491762358,0.6053921568627451,0.3504788932245477,816.0
Fraud,0.7834566240753195,0.4356768885564697,0.5599615477048786,2674.0
accuracy,0.47535816618911175,0.47535816618911175,0.47535816618911175,0.47535816618911175
macro avg,0.5150433394964715,0.5205345227096074,0.45522022046471317,3490.0
weighted avg,0.657940727103205,0.47535816618911175,0.5109822221874144,3490.0
