,precision,recall,f1-score,support
Not-Fraud,0.9955256170714918,0.9908000978712992,0.9931572364064455,20435.0
Fraud,0.3691275167785235,0.5472636815920398,0.4408817635270541,201.0
accuracy,0.9864799379724752,0.9864799379724752,0.9864799379724752,0.9864799379724752
macro avg,0.6823265669250076,0.7690318897316695,0.7170194999667499,20636.0
weighted avg,0.989424336873833,0.9864799379724752,0.9877779298524253,20636.0
