Laundering Type,Correct,False,Correct_percent,False_percent
BIPARTITE,5,9,0.35714285714285715,-4
CYCLE,6,11,0.35294117647058826,-5
FAN-IN,12,2,0.8571428571428571,-11
FAN-OUT,12,4,0.75,-11
GATHER-SCATTER,33,14,0.7021276595744681,-32
RANDOM,7,6,0.5384615384615384,-6
SCATTER-GATHER,20,9,0.6896551724137931,-19
STACK,17,14,0.5483870967741935,-16
