,precision,recall,f1-score,support
Not-Fraud,0.9983842464024236,0.9997471938517545,0.9990652552863603,19778.0
Fraud,0.5454545454545454,0.15789473684210525,0.24489795918367346,38.0
accuracy,0.9981328219620509,0.9981328219620509,0.9981328219620509,0.9981328219620509
macro avg,0.7719193959284845,0.5788209653469298,0.6219816072350168,19816.0
weighted avg,0.9975156892447722,0.9981328219620509,0.9976190321711047,19816.0
