Laundering Type,Correct,False,Correct_percent,False_percent
BIPARTITE,19,2,0.9047619047619048,-18
CYCLE,24,2,0.9230769230769231,-23
FAN-IN,23,4,0.8518518518518519,-22
FAN-OUT,26,4,0.8666666666666667,-25
GATHER-SCATTER,96,3,0.9696969696969697,-95
RANDOM,19,5,0.7916666666666666,-18
SCATTER-GATHER,62,3,0.9538461538461539,-61
STACK,57,7,0.890625,-56
