,precision,recall,f1-score,support
Not-Fraud,0.9983764998351132,0.9995428571428572,0.9989593380374638,39375.0
Fraud,0.5135135135135135,0.2289156626506024,0.31666666666666665,83.0
accuracy,0.9979218409448021,0.9979218409448021,0.9979218409448021,0.9979218409448021
macro avg,0.7559450066743134,0.6142292598967298,0.6578130023520652,39458.0
weighted avg,0.997356589351442,0.9979218409448021,0.9975241337259484,39458.0
