,precision,recall,f1-score,support
Not-Fraud,0.9982872461897433,0.9951254515761865,0.9967038413878563,40414.0
Fraud,0.6254752851711026,0.8266331658291457,0.7121212121212122,398.0
accuracy,0.9934823091247672,0.9934823091247672,0.9934823091247672,0.9934823091247672
macro avg,0.811881265680423,0.9108793087026661,0.8544125267545342,40812.0
weighted avg,0.9946515713763202,0.9934823091247672,0.9939285819923813,40812.0
