Laundering Type,Correct,False,Correct_percent,False_percent
 BIPARTITE,0,110,0.0,1.0
 CYCLE,2,130,0.015151515151515152,0.9848484848484849
 FAN-IN,0,150,0.0,1.0
 FAN-OUT,1,124,0.008,0.992
 GATHER-SCATTER,3,289,0.010273972602739725,0.9897260273972602
 RANDOM,0,144,0.0,1.0
 SCATTER-GATHER,0,227,0.0,1.0
 STACK,5,221,0.022123893805309734,0.9778761061946902
