,precision,recall,f1-score,support
Not-Fraud,0.9985701173431362,0.9889007446019568,0.9937119094279044,13085112.0
Fraud,0.021017438137415488,0.14403843488705131,0.03668235294117647,21647.0
accuracy,0.9875053779504147,0.9875053779504147,0.9875053779504147,0.9875053779504147
macro avg,0.5097937777402758,0.566469589744504,0.5151971311845405,13106759.0
weighted avg,0.9969556005242364,0.9875053779504147,0.9921312884056313,13106759.0
