,precision,recall,f1-score,support
Not-Fraud,0.9949995390706169,0.9549029250411868,0.9745389708053481,1254649.0
Fraud,0.03768899773797983,0.2690299866456234,0.06611570247933884,8237.0
accuracy,0.9504294132645386,0.9504294132645386,0.9504294132645386,0.9504294132645386
macro avg,0.5163442684042984,0.611966455843405,0.5203273366423435,1262886.0
weighted avg,0.9887556129134206,0.9504294132645386,0.9686139051531821,1262886.0
