,precision,recall,f1-score,support
Not-Fraud,0.994563821723055,0.03631306815421825,0.07006785038366446,8852130.0
Fraud,0.0015842292413419227,0.8851108350225594,0.0031627975009320044,15293.0
accuracy,0.03777692797557983,0.03777692797557983,0.03777692797557983,0.03777692797557983
macro avg,0.4980740254821985,0.46071195158838885,0.03661532394229823,8867423.0
weighted avg,0.9928513019856045,0.03777692797557983,0.0699524641013437,8867423.0
