,precision,recall,f1-score,support
Not-Fraud,0.9985792633760487,0.5971091669230169,0.7473399201739157,1254794.0
Fraud,0.013990146630311399,0.8706153659424688,0.027537781429177455,8239.0
accuracy,0.5988932989082629,0.5988932989082629,0.5988932989082629,0.5988932989082629
macro avg,0.5062847050031801,0.7338622664327428,0.3874388508015466,1263033.0
weighted avg,0.9921566047971613,0.5988932989082629,0.7426445164741566,1263033.0
