,precision,recall,f1-score,support
Not-Fraud,0.9993113055947772,0.03591514426399633,0.06933827803564166,8847911.0
Fraud,0.0013913567537053872,0.981906807666887,0.0027787759965191066,12104.0
accuracy,0.037207499084369496,0.037207499084369496,0.037207499084369496,0.037207499084369496
macro avg,0.5003513311742414,0.5089109759654417,0.03605852701608038,8860015.0
weighted avg,0.9979480095889834,0.037207499084369496,0.06924734859447464,8860015.0
