,precision,recall,f1-score,support
Not-Fraud,0.9988376173939113,0.9371576599944754,0.9670150905471936,1187416.0
Fraud,0.0038713122413562943,0.1829652996845426,0.007582194914700307,1585.0
accuracy,0.9361522824623361,0.9361522824623361,0.9361522824623361,0.9361522824623361
macro avg,0.5013544648176338,0.560061479839509,0.487298642730947,1189001.0
weighted avg,0.9975112757056649,0.9361522824623361,0.9657361167367615,1189001.0
