,precision,recall,f1-score,support
Not-Fraud,0.9986381460146329,0.9900743896827379,0.9943378293058603,13073856.0
Fraud,0.0024599111357102225,0.01780547518361896,0.004322630320550054,17972.0
accuracy,0.9887396931887587,0.9887396931887587,0.9887396931887587,0.9887396931887587
macro avg,0.5005490285751716,0.5039399324331784,0.4993302298132052,13091828.0
weighted avg,0.9972706276484242,0.9887396931887587,0.9929787713380834,13091828.0
