,precision,recall,f1-score,support
Not-Fraud,0.9993855896481858,0.5890336663814535,0.7412045097850126,1187416.0
Fraud,0.0023612726748619525,0.7287066246056783,0.0047072920232796986,1585.0
accuracy,0.5892198576788413,0.5892198576788413,0.5892198576788413,0.5892198576788413
macro avg,0.5008734311615238,0.6588701454935659,0.37295590090414615,1189001.0
weighted avg,0.9980565045234443,0.5892198576788413,0.7402227207956406,1189001.0
