,precision,recall,f1-score,support
Not-Fraud,0.999633954407764,0.875125954250603,0.9332454936893063,4905551.0
Fraud,0.001204927321197101,0.31977498918217223,0.0024008082829510124,2311.0
accuracy,0.8748644521789732,0.8748644521789732,0.8748644521789732,0.8748644521789732
macro avg,0.5004194408644805,0.5974504717163877,0.46782315098612864,4907862.0
weighted avg,0.9991638170074875,0.8748644521789732,0.9328071802102449,4907862.0
