,precision,recall,f1-score,support
Not-Fraud,0.9991965250234479,0.7424136865944886,0.851875087578776,5105609.0
Fraud,0.0064322188132956695,0.736377789309808,0.01275304053067268,11562.0
accuracy,0.7424000487769512,0.7424000487769512,0.7424000487769512,0.7424000487769512
macro avg,0.5028143719183717,0.7393957379521483,0.43231406405472433,5117171.0
weighted avg,0.9969534221628239,0.7424000487769513,0.8499791319603356,5117171.0
