,precision,recall,f1-score,support
Not-Fraud,0.9986108747707498,0.8793015242775037,0.9351661608827252,5105632.0
Fraud,0.008517607990526695,0.4587919230435913,0.016724716660743197,11539.0
accuracy,0.8783532932551991,0.8783532932551991,0.8783532932551991,0.8783532932551991
macro avg,0.5035642413806383,0.6690467236605475,0.4759454387717342,5117171.0
weighted avg,0.9963782571378084,0.8783532932551991,0.9330951150206899,5117171.0
