,precision,recall,f1-score,support
Not-Fraud,0.9998412978644424,0.7538746459363842,0.8596090000602025,4905545.0
Fraud,0.0014308056593739687,0.7466551575312904,0.0028561381380290667,2317.0
accuracy,0.7538712376183356,0.7538712376183356,0.7538712376183356,0.7538712376183356
macro avg,0.5006360517619082,0.7502649017338373,0.4312325690991158,4907862.0
weighted avg,0.9993699486067739,0.7538712376183356,0.8592045273221602,4907862.0
