Laundering Type,Correct,False,Correct_percent,False_percent
BIPARTITE,362,224,0.6177474402730375,-361
CYCLE,283,245,0.5359848484848485,-282
FAN-IN,348,261,0.5714285714285714,-347
FAN-OUT,411,255,0.6171171171171171,-410
GATHER-SCATTER,837,576,0.5923566878980892,-836
RANDOM,231,199,0.5372093023255814,-230
SCATTER-GATHER,774,558,0.581081081081081,-773
STACK,680,486,0.5831903945111492,-679
