,precision,recall,f1-score,support
Not-Fraud,0.33035714285714285,1.4696375853854472e-05,2.9391444190314366e-05,5035255.0
Fraud,0.002381122678142867,0.98767258382643,0.004750791946897705,12168.0
accuracy,0.002395677952888038,0.002395677952888038,0.002395677952888038,0.002395677952888038
macro avg,0.16636913276764287,0.4938436401011419,0.0023900916955440095,5047423.0
weighted avg,0.3295664795397355,0.002395677952888038,4.077349029917894e-05,5047423.0
