,precision,recall,f1-score,support
Not-Fraud,0.9987707315719015,0.9309599069739937,0.9636738815041735,41429275.0
Fraud,0.00043438391570366,0.025516802496253568,0.0008542259616656651,48713.0
accuracy,0.9298965272857498,0.9298965272857498,0.9298965272857498,0.9298965272857498
macro avg,0.4996025577438026,0.4782383547351236,0.4822640537329196,41477988.0
weighted avg,0.9975982552573953,0.9298965272857498,0.9625431170639976,41477988.0
