Laundering Type,Correct,False,Correct_percent,False_percent
BIPARTITE,236,440,0.34911242603550297,-235
CYCLE,241,442,0.3528550512445095,-240
FAN-IN,420,340,0.5526315789473685,-419
FAN-OUT,403,320,0.5573997233748271,-402
GATHER-SCATTER,619,539,0.5345423143350605,-618
RANDOM,189,327,0.36627906976744184,-188
SCATTER-GATHER,783,719,0.5213049267643143,-782
STACK,515,863,0.3737300435413643,-514
