,precision,recall,f1-score,support
Not-Fraud,0.9987528552462775,0.22693491694802823,0.369836268907461,17722156.0
Fraud,0.0016068582605267435,0.8144946808510638,0.003207388893066818,27072.0
accuracy,0.22783109214665562,0.22783109214665562,0.22783109214665562,0.22783109214665562
macro avg,0.5001798567534022,0.520714798899546,0.18652182890026392,17749228.0
weighted avg,0.9972319588765652,0.22783109214665562,0.36927706841492414,17749228.0
