,precision,recall,f1-score,support
Not-Fraud,0.9987330891569024,0.925003020375614,0.9604551470874044,17804077.0
Fraud,0.004816227601411329,0.23624465323730487,0.009440005492791807,27353.0
accuracy,0.9239464810169459,0.9239464810169459,0.9239464810169459,0.9239464810169459
macro avg,0.5017746583791569,0.5806238368064595,0.4849475762900981,17831430.0
weighted avg,0.9972084437462916,0.9239464810169459,0.9589963119200601,17831430.0
