Laundering Type,Correct,False,Correct_percent,False_percent
 BIPARTITE,19,44,0.30158730158730157,-18
 CYCLE,27,51,0.34615384615384615,-26
 FAN-IN,45,43,0.5113636363636364,-44
 FAN-OUT,45,30,0.6,-44
 GATHER-SCATTER,76,73,0.5100671140939598,-75
 RANDOM,33,61,0.35106382978723405,-32
 SCATTER-GATHER,76,59,0.562962962962963,-75
 STACK,36,96,0.2727272727272727,-35
