Laundering Type,Correct,False,Correct_percent,False_percent
 BIPARTITE,49,18,0.7313432835820896,-48
 CYCLE,62,20,0.7560975609756098,-61
 FAN-IN,79,11,0.8777777777777778,-78
 FAN-OUT,51,28,0.6455696202531646,-50
 GATHER-SCATTER,110,43,0.7189542483660131,-109
 RANDOM,74,20,0.7872340425531915,-73
 SCATTER-GATHER,83,55,0.6014492753623188,-82
 STACK,108,28,0.7941176470588235,-107
