,precision,recall,f1-score,support
Not-Fraud,0.9988403609210724,0.9281112681326096,0.9621777527355506,17514233.0
Fraud,0.001111483985824414,0.06910669363192423,0.002187780597306266,20273.0
accuracy,0.9271181064353908,0.9271181064353908,0.9271181064353908,0.9271181064353908
macro avg,0.4999759224534484,0.4986089808822669,0.48218276666642845,17534506.0
weighted avg,0.997686809317046,0.9271181064353908,0.9610678340013041,17534506.0
