Laundering Type,Correct,False,Correct_percent,False_percent
BIPARTITE,492,190,0.7214076246334311,-491
CYCLE,504,188,0.7283236994219653,-503
FAN-IN,615,158,0.795601552393273,-614
FAN-OUT,415,321,0.563858695652174,-414
GATHER-SCATTER,902,305,0.7473073736536868,-901
RANDOM,380,146,0.7224334600760456,-379
SCATTER-GATHER,1115,421,0.7259114583333334,-1114
STACK,1031,376,0.7327647476901208,-1030
