,precision,recall,f1-score,support
Not-Fraud,0.9996618318059013,0.22061570754774887,0.36146056158528106,17432562.0
Fraud,0.0013845134122945262,0.9353957691925713,0.0027649343443684115,20138.0
accuracy,0.22144046479914284,0.22144046479914284,0.22144046479914284,0.22144046479914284
macro avg,0.500523172609098,0.5780057383701601,0.18211274796482474,17452700.0
weighted avg,0.998509957961865,0.22144046479914284,0.36104667648203753,17452700.0
