,precision,recall,f1-score,support
Not-Fraud,0.9985982240235234,0.229114493409715,0.37271476130885994,19933584.0
Fraud,0.0016961376098505393,0.8028537162889388,0.0033851236857654044,32519.0
accuracy,0.23004894846029794,0.23004894846029794,0.23004894846029794,0.23004894846029794
macro avg,0.500147180816687,0.5159841048493269,0.18804994249731266,19966103.0
weighted avg,0.9969745592078061,0.23004894846029794,0.3721132302797019,19966103.0
