,precision,recall,f1-score,support
Not-Fraud,0.9987180823120411,0.9279679459549272,0.9620440007703539,19933584.0
Fraud,0.006074899299683726,0.269872997324641,0.01188232490630619,32519.0
accuracy,0.926896099854839,0.926896099854839,0.926896099854839,0.926896099854839
macro avg,0.5023964908058624,0.598920471639784,0.48696316283833,19966103.0
weighted avg,0.9971013540166708,0.926896099854839,0.960496462548327,19966103.0
