,precision,recall,f1-score,support
Not-Fraud,0.9988423491116639,0.9323853466922792,0.9644703956875676,19570107.0
Fraud,0.0013418827414860635,0.0775538689697287,0.0026381191901656614,22926.0
accuracy,0.9313850999995764,0.9313850999995764,0.9313850999995764,0.9313850999995764
macro avg,0.500092115926575,0.504969607831004,0.48355425743886665,19593033.0
weighted avg,0.9976751640366424,0.9313850999995764,0.963344946311201,19593033.0
