,precision,recall,f1-score,support
Not-Fraud,0.9986012399818539,0.2295768945711101,0.37332658046927225,19560113.0
Fraud,0.0016972963032447965,0.8028892858262041,0.0033874316251732406,31911.0
accuracy,0.23051069149364048,0.23051069149364048,0.23051069149364048,0.23051069149364048
macro avg,0.5001492681425493,0.5162330901986572,0.18835700604722275,19592024.0
weighted avg,0.9969775077045391,0.23051069149364048,0.37272403281116584,19592024.0
