Laundering Type,Correct,False,Correct_percent,False_percent
 BIPARTITE,26,54,0.325,0.675
 CYCLE,37,70,0.34579439252336447,0.6542056074766356
 FAN-IN,67,61,0.5234375,0.4765625
 FAN-OUT,71,42,0.6283185840707964,0.37168141592920356
 GATHER-SCATTER,127,127,0.5,0.5
 RANDOM,46,76,0.3770491803278688,0.6229508196721312
 SCATTER-GATHER,111,75,0.5967741935483871,0.4032258064516129
 STACK,56,128,0.30434782608695654,0.6956521739130435
