Laundering Type,Correct,False,Correct_percent,False_percent
BIPARTITE,11,9,0.55,-10
CYCLE,14,16,0.4666666666666667,-13
FAN-IN,15,14,0.5172413793103449,-14
FAN-OUT,26,10,0.7222222222222222,-25
GATHER-SCATTER,38,51,0.42696629213483145,-37
RANDOM,7,10,0.4117647058823529,-6
SCATTER-GATHER,45,31,0.5921052631578947,-44
STACK,30,32,0.4838709677419355,-29
