,precision,recall,f1-score,support
Not-Fraud,0.30303030303030304,7.149904906264747e-05,0.00014296436613174166,139862.0
Fraud,0.003938606174993768,0.9600694444444444,0.007845028762741079,576.0
accuracy,0.004008886483715233,0.004008886483715233,0.004008886483715233,0.004008886483715233
macro avg,0.1534844546026484,0.48007047174675355,0.0039939965644364105,140438.0
weighted avg,0.30180359218716474,0.004008886483715233,0.00017455402913211891,140438.0
