,precision,recall,f1-score,support
Not-Fraud,0.9985986529310744,0.2290778267175952,0.372666273189551,19933553.0
Fraud,0.0016982647063409158,0.8031336405529954,0.0033893624427991605,32550.0
accuracy,0.2300136887002937,0.2300136887002937,0.2300136887002937,0.2300136887002937
macro avg,0.5001484588187076,0.5161057336352953,0.18802781781617506,19966103.0
weighted avg,0.9969734430622925,0.2300136887002937,0.3720642546862503,19966103.0
