,precision,recall,f1-score,support
Not-Fraud,0.9988412927305115,0.9326372874496617,0.9646046747854691,19570070.0
Fraud,0.0013559753439745833,0.07795148717502069,0.0026655825638138976,22963.0
accuracy,0.9316355972043736,0.9316355972043736,0.9316355972043736,0.9316355972043736
macro avg,0.5000986340372431,0.5052943873123412,0.4836351286746415,19593033.0
weighted avg,0.9976722417038968,0.9316355972043736,0.9634772838718374,19593033.0
