,precision,recall,f1-score,support
Not-Fraud,0.9996282791985315,0.22288441187546915,0.36449774751625125,19570090.0
Fraud,0.001399976348600874,0.9293030553981606,0.0027957409697015947,22943.0
accuracy,0.22371161218377983,0.22371161218377983,0.22371161218377983,0.22371161218377983
macro avg,0.5005141277735662,0.5760937336368148,0.18364674424297642,19593033.0
weighted avg,0.9984593763567773,0.22371161218377983,0.3640742026196445,19593033.0
