,precision,recall,f1-score,support
Not-Fraud,0.998713917899848,0.9282343260176686,0.9621851997244538,19933527.0
Fraud,0.00607868313031685,0.26857195481335955,0.011888294330741615,32576.0
accuracy,0.9271580438105523,0.9271580438105523,0.9271580438105523,0.9271580438105523
macro avg,0.5023963005150824,0.5984031404155141,0.4870367470275977,19966103.0
weighted avg,0.997094368736556,0.9271580438105523,0.9606347283084691,19966103.0
