Laundering Type,Correct,False,Correct_percent,False_percent
 BIPARTITE,58,22,0.725,0.275
 CYCLE,77,30,0.719626168224299,0.28037383177570097
 FAN-IN,110,18,0.859375,0.140625
 FAN-OUT,62,51,0.5486725663716814,0.4513274336283186
 GATHER-SCATTER,189,65,0.7440944881889764,0.2559055118110236
 RANDOM,92,30,0.7540983606557377,0.24590163934426235
 SCATTER-GATHER,124,62,0.6666666666666666,0.33333333333333337
 STACK,146,38,0.7934782608695652,0.2065217391304348
