,precision,recall,f1-score,support
Not-Fraud,0.998820425933472,0.9989561138836853,0.998888265300651,139862.0
Fraud,0.7378815080789947,0.7135416666666666,0.7255075022065314,576.0
accuracy,0.9977854996510915,0.9977854996510915,0.9977854996510915,0.9977854996510915
macro avg,0.8683509670062333,0.8562488902751759,0.8621978837535912,140438.0
weighted avg,0.997750196959233,0.9977854996510915,0.9977670066702076,140438.0
